<?xml version='1.0' encoding='UTF-8'?>
<Transfer createdBy="weblogic" id="xfer_d227133b-8cbb-4942-a51e-c0d91471b948" lastModifiedBy="weblogic" name="Transfer" priority="medium" xmlns="http://xmlns.oracle.com/mft/transfer">
   <Source>
      <SourceRef id="soRef_fb3c84a0-6c3f-4302-b7d1-95e488a27bb6" sourceRef="/mft/source/so_2970d20f-c0b8-42ff-9db2-5f654374d56d.xml#so_2970d20f-c0b8-42ff-9db2-5f654374d56d"/>
   </Source>
   <ContentFilters/>
   <Targets>
      <Target id="xfer_tgt_2ef22a9a-a8be-4cc6-a8fa-9606e9137dc6">
         <TargetRef id="tgtRef_cc4c844b-981a-48cf-a60a-d0f67a266a13" targetRef="/mft/target/tgt_d0732e3f-5214-4794-87e1-8ff40911a8a7.xml#tgt_d0732e3f-5214-4794-87e1-8ff40911a8a7"/>
      </Target>
   </Targets>
</Transfer>
