<?xml version='1.0' encoding='UTF-8'?>
<job-definition xmlns:xsi="http://www.w3.org/2001/XMLSchema-instance" name="MFT_TARGET_JOB" job-type="/oracle/as/ess/core/JobType/SyncEjbJobType.xml" xmlns="http://xmlns.oracle.com/scheduler">
   <description/>
   <display-name>MFT_TARGET_JOB</display-name>
   <parameter-list>
      <parameter name="SYS_EXT_jndiMappedName" data-type="string">ejb/MFTESSService#oracle.as.scheduler.RemoteExecutable</parameter>
      <parameter name="SYS_effectiveApplication" data-type="string">MFTCustomHostingApp</parameter>
   </parameter-list>
</job-definition>
