<?xml version='1.0' encoding='UTF-8'?>
<schedule xmlns:xsi="http://www.w3.org/2001/XMLSchema-instance" name="default_daily_schedule" xmlns="http://xmlns.oracle.com/scheduler">
   <description/>
   <display-name>default_daily_schedule</display-name>
   <time-zone>America/Los_Angeles</time-zone>
   <recurrence>
      <start>2000-01-01 00:00:00.000 PST8PDT</start>
      <end>2099-01-01 00:00:00.000 PST8PDT</end>
      <count>0</count>
      <frequency>DAILY</frequency>
      <interval>1</interval>
      <months-of-year/>
      <weeks-of-month/>
      <days-of-month/>
      <days-of-week/>
   </recurrence>
</schedule>
