<?xml version='1.0' encoding='UTF-8'?>
<SecuritySpecifications xmlns="http://xmlns.oracle.com/mft/security">
   <PGPEncryption algorithm="Cast 5" displayName="PGP Encryption" id="pgp_encrypt" version="PGP 5">
      <KeyStore type="PGPKS">
         <PGPKeyStore id="pgpKSRef_c65c2f11-9379-4344-bd4c-4ee0d33a8684" pgpKeyStoreRef="/mft/app/KeyStores.xml#pgp_keystore"/>
      </KeyStore>
   </PGPEncryption>
   <PGPDecryption displayName="PGP Decryption" id="pgp_decrypt">
      <KeyStore type="PGPKS">
         <PGPKeyStore id="pgpKSRef_c3d52ab3-fe31-4fe7-b4ea-19d36b0de1fe" pgpKeyStoreRef="/mft/app/KeyStores.xml#pgp_keystore"/>
      </KeyStore>
   </PGPDecryption>
</SecuritySpecifications>
