<?xml version='1.0' encoding='UTF-8'?>
<SSHDServer enabled="false" id="sshd_server" xmlns="http://xmlns.oracle.com/mft/EmbeddedServers">
   <Listener name="default">
      <SFTP>
         <SSH authType="password" hostKeyAlias="hostkey.pem" xmlns="http://xmlns.oracle.com/mft/security">
            <KeyStore type="SSHKS">
               <SSHKeyStore id="sshKSRef_19fc4291-7c8f-4f47-90aa-ab1ebf4a699d" sshKeyStoreRef="/mft/app/KeyStores.xml#ssh_keystore"/>
            </KeyStore>
         </SSH>
      </SFTP>
   </Listener>
   <ServerSettings maxLogins="10" maxThreads="10" rootDirectory="$DOMAIN_HOME/mft/ftp_root"/>
</SSHDServer>
