<?xml version='1.0' encoding='UTF-8'?>
<Source createdBy="weblogic" id="so_2970d20f-c0b8-42ff-9db2-5f654374d56d" lastModifiedBy="weblogic" listening="true" name="Source" retainProcessedFilenamesList="false" xmlns="http://xmlns.oracle.com/mft/source">
   <SourceType>
      <SourceTargetCategory xmlns="http://xmlns.oracle.com/mft/category">
         <Technology>
            <TechnologyBinding secure="false" type="File" xmlns="http://xmlns.oracle.com/mft/binding">
               <File append="false" eventBased="false" eventSecurityEnabled="false" folder="/tmp/in" minimumAge="0" overwrite="true" pollingBased="true" pollingFrequency="60" recursive="false" renameOnCompletion="false">
                  <PerformanceAttributes/>
               </File>
            </TechnologyBinding>
         </Technology>
      </SourceTargetCategory>
   </SourceType>
</Source>
